id,chunk_id,dish_topic,title,category,regional_origin,keywords,embedding_dim,embedding_sample,source_reference,chunk_content
"rag_sng_001","CHUNK-FIL-SNG-001","Sinigang & Regional Souring Agents","Taxonomy of Filipino Souring Agents (Pampaasim) Across Archipelagic Microclimates","Soup & Stew Heritage","Pan-Regional (Luzon & Visayas)","sinigang, batuan, sampalok, kamias, bayabas, pampaasim, souring agent, acidity profile",1536,"[-0.0182, 0.0914, -0.0521, 0.1402, -0.0033]","Lasang Pinoy Indigenous Culinary Compendium, Vol. 4","Filipino Sinigang is fundamentally defined by its acidic broth rather than its protein. Souring agents (pampaasim) vary sharply by regional vegetation: 1) Batuan (Garcinia morella) provides a rounded, gentle botanical acidity native to Western Visayas (Iloilo and Negros); 2) Sampalok (Tamarindus indica) dominates the Tagalog lowlands delivering sharp, high-malic acidity; 3) Kamias (Averrhoa bilimbi) in Southern Luzon yields intense, sharp oxalic acid; 4) Bayabas (Psidium guajava) in Bulacan and Pampanga yields a sweet, floral, low-pH profile paired with bangus or pork; 5) Alibangbang (Bauhinia malabarica) leaves in Northern Luzon; and 6) Santol (Sandoricum koetjape) providing subtle pectin-thickened tartness. Flavor equilibrium requires balance between salinity (patis), natural glutamates, and pungent aromatics (sibuyas, kamatis, and siling haba)."
"rag_adb_002","CHUNK-FIL-ADB-002","Regional Adobo Variations","Evolution of Adobo: Pre-Colonial Vinegar Preservation vs. Regional Gata & Turmeric Variants","Main Dish Heritage","Luzon & Visayas","adobo, adobong puti, adobo sa gata, adobong dilaw, sukang tuba, vinegar preservation, turmeric",1536,"[0.0341, -0.0712, 0.0883, 0.0194, -0.0452]","Philippine Culinary Heritage Archive, Doc #108","Adobo predates Hispanic contact as an indigenous preservation method based on acetic acid (sukang tuba, sukang paombong, or sukang iloko) and sea salt. Regional deviations highlight cultural terroir: 1) Adobong Puti (White Adobo) of Southern Tagalog and Visayas omits soy sauce entirely, relying exclusively on sugarcane/palm vinegar, garlic, bay leaves, and cracked peppercorn for pristine meat braising; 2) Adobo sa Gata (Bicol and Southern Luzon) introduces rich kakang gata (coconut cream) reduced until the coconut oil splits and fries the tenderized pork; 3) Adobong Dilaw (Batangas) incorporates crushed fresh yellow ginger (kalawag/turmeric), imparting an earthy warm hue without soy sauce. Balancing vinegar simmering without early stirring prevents raw acid harshness."
"rag_kns_003","CHUNK-FIL-KNS-003","Ilonggo Kansi vs. Batangas Bulalo","Biochemical Contrast Between Bone Marrow Collagen Emulsification and Batuan Tartness","Soup & Stew Heritage","Western Visayas (Iloilo & Negros Occidental)","kansi, bulalo, batuan, bone marrow, beef shank, atsuete, tanglad, visayan cuisine",1536,"[-0.0219, 0.1143, 0.0421, -0.0832, 0.0541]","Western Visayas Gastronomic Field Study, Chapter 3","While Batangas Bulalo is a clear, un-soured beef shank and bone marrow broth braised gently with sweet corn, peppercorn, and pechay, Ilonggo Kansi is a distinct hybrid between Bulalo and Sinigang. Kansi utilizes beef shank, bone marrow, and collagenous knee tendons, simmering them with un-ripened batuan fruit, bruised lemongrass (tanglad), and natural achiote (atsuete) oil for a vivid golden-orange hue. The citric and hydroxycitric acids in the batuan cut cleanly through the rich, heavy tallow lipids of the marrow, preventing palate fatigue and creating a light, tangy mouthfeel unique to Western Visayas."
"rag_ins_004","CHUNK-FIL-INS-004","Bacolod Chicken Inasal","Achiote Lemongrass Oil Emulsification & Sinamak Vinegar Marinade Dynamics","Grilled & Barbecue","Negros Occidental (Bacolod)","inasal, bacolod, sinamak, chicken oil, atsuete, langkawas, charcoal grill, tanglad",1536,"[0.0812, -0.0123, 0.0634, 0.1041, -0.0381]","Negrense Culinary Heritage Monographs, Vol. 2","Authentic Bacolod Chicken Inasal rejects commercial sweet barbecue marinades. Its flavor profile centers on: 1) Marinade: Sinamak (spiced cane vinegar enriched with ginger, garlic, shallots, langkawas/galangal, and siling labuyo) combined with calamansi juice and tanglad; 2) Basting Liquid: Rendered chicken oil or lard infused with annatto seeds (atsuete), garlic, and a dash of margarine; 3) Open-flame grilling: Skewered on sharpened bamboo flats and cooked over charcoal. The basting oil creates an orange-red lacquered crust with light smoke caramelization, served alongside garlic sinangag and toyomansi with calamansi and chicken oil drizzled over rice."
"rag_ssg_005","CHUNK-FIL-SSG-005","Kapampangan Sisig","Lucia Cunanan Sizzling Method: Charcoal Roasting, Calamansi-Liver Binding, and Authentic Standards","Sizzling & Pulutan","Pampanga (Angeles City)","sisig, pampanga, aling lucing, pork ears, chicken liver, calamansi, sizzling plate, pulutan",1536,"[0.0425, 0.0891, -0.0762, 0.0211, 0.1193]","Angeles City Gastronomy Ordinance & Guild Standards","Original Sisig was created in Angeles City, Pampanga by Lucia ""Aling Lucing"" Cunanan. The authentic process consists of three distinct phases: 1) Boiling pork jowl, ears, and snout with vinegar and salt until tender; 2) Grilling over red-hot charcoal to induce smokiness and crisp skin blister; 3) Finely chopping the cartilage and meat, then tossing on a smoking cast-iron plate with minced white onions, chicken liver paste (acting as the natural emulsifying binder), fresh calamansi juice, and siling labuyo. Authentic Kapampangan culinary guilds strictly exclude mayonnaise or raw egg toppings, considering chicken liver and calamansi the only legitimate binding agent for textural crispness."
"rag_krk_006","CHUNK-FIL-KRK-006","Heritage Kare-Kare","Ground Roasted Rice Slurry, Annatto Coloration, and Bagoong Alamang Umami Coupling","Heritage Stews","Central Luzon (Pampanga / Bulacan)","kare-kare, oxtail, peanut sauce, roasted rice, bagoong alamang, banana blossom, atsuete",1536,"[-0.0512, 0.0478, 0.1201, 0.0382, -0.0821]","Central Luzon Heritage Recipe Standard, 2024","Kare-Kare is an archipelagic savory peanut stew prepared with oxtail, tripe, and beef tendon. True heritage Kare-Kare derives its body from two elements: freshly roasted ground sticky rice (palay/malagkit) pulverized into an aromatic thickening powder, and freshly ground roasted peanuts or cashew paste. Annatto water (atsuete) contributes an amber-orange color without artificial flavorings. The vegetable garnish is blanched separately (banana blossoms/puso ng saging, string beans/sitaw, and eggplant/talong) to preserve distinct texture. Because the stew is intentionally un-salted during cooking, its flavor pairing relies entirely on sautéed bagoong alamang (fermented krill shrimp paste) seasoned with garlic, onions, and sugar."
"rag_hmb_007","CHUNK-FIL-HMB-007","Visayan Humba","Slow Braised Pork Belly with Tausi (Fermented Black Beans), Dried Banana Blossoms, and Brown Sugar","Main Dish Heritage","Central & Eastern Visayas (Cebu & Leyte)","humba, visayas, liempo, tausi, banana blossoms, muscovado, star anise, slow braise",1536,"[0.0152, -0.0934, 0.0312, 0.0882, 0.0711]","Visayan Culinary Compendium, Chapter 7","Humba is a signature Visayan slow-braised pork belly (liempo) dish bearing Chinese-Filipino trade roots. While visually reminiscent of adobo, its biochemical profile is distinctly sweet, savory, and rich in fermented umami. Key ingredients include: fermented salted black beans (tausi) rinsed lightly, dried banana blossoms (bulaklak ng saging), cane vinegar, soy sauce, whole garlic cloves, star anise, and muscovado or brown sugar. The pork is slow-braised on low heat until the collagen fully melts and the braising liquid thickens into a glossy, gelatinous glaze with long ambient shelf-stability."
"rag_pst_008","CHUNK-FIL-PST-008","Maguindanao Pastil","Kagikit Shredded Braised Meat, Steamed Rice Compression, and Banana Leaf Thermal Wrapping","Mindanao Heritage","Bangsamoro (Maguindanao / Cotabato)","pastil, kagikit, maguindanao, banana leaf, mindanao, shredded chicken, bangsamoro, halal",1536,"[0.0734, 0.0311, -0.0452, -0.0912, 0.0621]","Bangsamoro Gastronomic Traditions, Vol. 1","Pastil (also spelled Patel) is an iconic Maguindanao culinary staple consisting of warm steamed white rice topped with ""kagikit""—finely shredded native chicken or beef braised in soy sauce, garlic, onions, ginger, and black pepper until completely dry and caramelized. The rice and kagikit are wrapped inside a wilted banana leaf (dahon ng saging) into a rectangular cylinder. The natural oils and steam from the banana leaf impart a floral fragrance while preserving the pack for up to 48 hours without refrigeration, making it a revered travel and field food across Southern Mindanao."
"rag_tlh_009","CHUNK-FIL-TLH-009","Tausug Tiulah Itum","Pamapa Itum (Charred Burnt Coconut Flesh) Soup Chemistry and Royal Tausug Spicing","Mindanao Heritage","Sulu Archipelago (Jolo & Tawi-Tawi)","tiulah itum, pamapa itum, tausug, sulu, burnt coconut, black soup, royal feast, mindanao",1536,"[-0.0912, 0.0241, 0.0718, -0.0134, 0.1042]","Sulu Archipelago Indigenous Cuisine Annals, 2023","Tiulah Itum is a royal black beef or goat soup served during Tausug royal banquets, weddings, and Hari Raya celebrations. Its pitch-black coloration and smoky, earthy aroma originate from ""Pamapa Itum""—mature fresh coconut meat directly roasted over fire until completely charred and blackened, then ground into an oily aromatic black paste with ginger, turmeric, galangal, lemongrass, shallots, garlic, and bird eye chilies. Beef shanks and ribs are seared in the pamapa paste before slow simmering into a rich, herbaceous, and warming broth. The capsaicin and gingerols provide deep anti-inflammatory digestive warmth."
"rag_lch_010","CHUNK-FIL-LCH-010","Cebu Lechon","Aromatic Belly Cavity Stuffing, Crispy Skin Moisture Balance, and Sarsa-Free Consumption","Roast & Festive","Central Visayas (Cebu City & Talisay)","cebu lechon, lechon, crispy skin, tanglad, star anise, sarsa free, charcoal roast",1536,"[0.0514, -0.0621, 0.0384, 0.1219, -0.0211]","Cebu City Heritage Cooking Registry, Doc #44","Cebu Lechon is world-renowned for being entirely self-sufficient in flavor without requiring liver sauce (Mang Tomas/sarsa). The pig cavity is rigorously seasoned with rock salt, cracked black pepper, whole heads of garlic, crushed scallions (sibuyas dahon), bundles of fresh lemongrass (tanglad), and star anise. As the pig roasts slowly over coconut-shell charcoal for 3-5 hours, the interior aromatics steam into the meat while exterior needle-pricking and milk or soy basting dehydrates the dermal collagen, transforming the skin into glass-brittle crackling. It is eaten dipped solely in spiced coconut vinegar (pinakurat) or calamansi."
"rag_knw_011","CHUNK-FIL-KNW-011","Archipelagic Kinilaw (Ceviche)","Denaturation of Fish Protein via Acetic Acid and Tabon-Tabon Astringency Neutralization","Seafood & Raw Food","Northern Mindanao & Visayas (Surigao / Cagayan de Oro)","kinilaw, ceviche, tabon-tabon, tanigue, denaturation, vinegar cure, butuan, seafood",1536,"[-0.0381, 0.0719, -0.0624, 0.0811, 0.0441]","Philippine Historical Culinary Archaeology, Vol. 9","Kinilaw is one of the oldest archaeological culinary techniques in the Philippines, evidenced by sliced fish bones recovered with canarium seeds in Butuan dating to the 10th century. Fresh pelagic fish (tanigue/mackerel or malasugi/swordfish) is cut into cubes and cured briefly in pure cane or nipa vinegar. In Mindanao, the sap of the wild Tabon-Tabon fruit (Hydrophylax maritima) or Dungon seed is grated and squeezed into the cure; its high polyphenol tannins neutralize fishy odors (lansa) and prevent the vinegar acid from over-cooking the delicate fish flesh into mushiness. Garnished with ginger, shallots, and bird eye chilies."
"rag_bce_012","CHUNK-FIL-BCE-012","Bicol Express (Ginataang Balaw)","Coconut Cream Reduction, Siling Haba and Labuyo Capsaicin Balance, and Fermented Krill","Spicy Stews & Gata","Bicol Region (Albay & Camarines Sur)","bicol express, ginataang balaw, gata, siling labuyo, balaw, coconut cream, bicol, capsaicin",1536,"[0.0612, 0.0421, 0.0894, -0.0482, -0.0712]","Bicolano Food Ways and Coconut Agriculture, 2024","Rooted in the traditional Bicolano dish ""Ginataang Balaw"" (Gulay na may Lada), Bicol Express is a pork stew characterized by a dominant ratio of chilies to meat. Pork belly strips are browned and cooked in thick coconut milk (gata) and secondary coconut cream (kakang gata) with minced ginger, garlic, red onions, and sautéed fermented baby shrimp paste (balaw/alamang). The heat profile relies on a two-tier spice mechanic: sliced finger chilies (siling haba) providing vegetal capsicum sweetness and whole bird eye chilies (siling labuyo) supplying fiery capsaicin. The stew must simmer until the gata renders into clear sweet coconut oil."
"rag_sws_013","CHUNK-FIL-SWS-013","The Filipino Sawsawan Matrix","Dipping Sauce Dynamics: Toyomansi with Labuyo, Suka't Bawang, and Regional Condiment Pairing","Condiments & Sawsawan","Nationwide Culinary Archetype","sawsawan, toyomansi, sukat bawang, pinakurat, dipping sauce, calamansi, flavor balancing",1536,"[0.0211, -0.0384, 0.0521, 0.0718, 0.0934]","Anthropology of the Filipino Dining Table, Chapter 5","In Filipino gastronomy, the plate served by the cook is intentionally considered incomplete until the diner personalizes it through the ""sawsawan"" (dipping sauce). This communal table practice balances the dominant taste axes (asim, alat, anghang, tamis): 1) Toyomansi with siling labuyo is the classic partner for fried fish, inihaw na liempo, and steamed siomai; 2) Suka't bawang (cane vinegar with crushed garlic, black pepper, and chili) pierces through heavy fried lipids like chicharon, lechon kawali, and lumpia shanghai; 3) Bagoong monamon/isda paired with calamansi for boiled vegetables and green mangoes; 4) Pinakurat (fermented spiced tuba vinegar) for roasted poultry and game."
"rag_pyg_014","CHUNK-FIL-PYG-014","Tausug Chicken Pyanggang","Burnt Coconut Paste (Pamapa Itum) Marinade and Braised-Grilling Culinary Method","Mindanao Heritage","Sulu Archipelago (Tausug)","pyanggang, tausug, pamapa itum, burnt coconut, chicken curry, sulu, halal mindanao",1536,"[-0.0641, 0.0319, 0.0821, -0.0512, 0.0714]","Bangsamoro Gastronomic Traditions, Vol. 2","Chicken Pyanggang is an exquisite Tausug specialty featuring chicken marinated and braised in a dark aromatic paste of blackened burned coconut meat (Pamapa Itum), lemongrass, ginger, garlic, shallots, and fresh coconut milk. The chicken pieces are first simmered gently in the spiced coconut mixture until three-quarters cooked, allowing the aromatic char to permeate deep into the muscle fibers. The chicken is then finished over hot charcoal, basted repeatedly with the reduced black coconut curry until the skin forms a dark, smoky, savory herb glaze."
"rag_kkn_015","CHUNK-FIL-KKN-015","Philippine Kakanin Gastronomy","Glutinous Rice Chemistry: Amylopectin Gelatinization in Biko, Bibingka, and Puto Bumbong","Desserts & Kakanin","Pan-Regional Festive Heritage","kakanin, biko, bibingka, puto bumbong, malagkit, amylopectin, galapong, latik",1536,"[0.0124, 0.0541, -0.0812, 0.0941, -0.0432]","Traditional Rice Cake Chemistry and Cultural Rituals, 2025","Filipino sweet rice cakes (kakanin, from ""kanin"" and ""kain"") showcase sophisticated starch thermodynamics using sticky glutinous rice (malagkit) rich in amylopectin. 1) Biko relies on steaming malagkit grains, folding them into simmering latik syrup (caramelized brown sugar and coconut milk) until sticky cohesion is achieved; 2) Bibingka uses fermented galapong (soaked ground rice batter) cooked in clay pans lined with banana leaves and baked with charcoal placed above and below; 3) Puto Bumbong utilizes pirurutong (heirloom deep-purple glutinous rice) steamed vertically inside bamboo tubes and served with grated fresh coconut, margarine, and muscovado sugar."
"rag_pnk_016","CHUNK-FIL-PNK-016","Pancit Heritage Taxonomy","Regional Noodle Mechanics: Pancit Malabon, Pancit Habhab, and Cagayan Batil Patung","Noodles & Merienda","Luzon Regional Hubs","pancit, pancit malabon, pancit habhab, batil patung, noodle taxonomy, lucban, tuguegarao",1536,"[0.0491, -0.0211, 0.0612, 0.0384, 0.0819]","Philippine Noodle Atlas, 3rd Edition","Filipino Pancit represents the assimilation and localized evolution of Chinese noodles. Regional iterations adapt to local harvest: 1) Pancit Malabon uses thick extruded rice noodles coated in a rich shrimp-infused annatto sauce topped with smoked fish (tinapa flakes), crushed chicharon, boiled eggs, and fresh squid; 2) Pancit Habhab (Lucban, Quezon) uses miki noodles stir-fried with chayote and pork belly, served traditionally on fresh banana leaves and eaten directly without utensils; 3) Pancit Batil Patung (Tuguegarao, Cagayan) features handmade egg noodles topped with minced carabao beef, crushed chicharon, and a poached egg, accompanied by a separate cup of egg-drop beef broth (batil)."
"rag_nut_017","CHUNK-FIL-NUT-017","Nutritional Profiling of Core Stews","Caloric Density, Sodium Management, and Micronutrient Bioavailability in Filipino Dishes","Nutrition & Health","Nationwide Dietary Metrics","nutrition, calories, sinigang nutrition, sodium management, macronutrients, health, micronutrients",1536,"[-0.0121, 0.0841, 0.0194, 0.0512, -0.0734]","Food and Nutrition Research Institute (FNRI) Culinary Study","Nutritional analysis of core Filipino culinary preparations reveals distinct macro-nutrient profiles: 1) Sinigang na Baboy (per 250g serving): ~320-350 kcal, 26g protein, 14g fat, 8g carbs. Rich in vitamin C from tomatoes and calamansi/kamias, with high potassium and soluble fiber from water spinach (kangkong), radish (labanos), and okra; 2) Chicken Inasal (per quarter serving): ~280 kcal, 32g protein, 12g fat, 0g sugar, low glycemic index; 3) Sodium optimization: High sodium from fish sauce (patis) and bagoong can be balanced by leveraging natural organic acids (citric, malic, acetic) which naturally enhance the perception of saltiness on the tongue, allowing a 30% reduction in added sodium without flavor sacrifice."
"rag_gdr_018","CHUNK-FIL-GDR-018","Lamion AI Guardrails & Boundary Architecture","Strict Culinary Domain Constraints and Cultural Heritage Persona Alignment","AI Safety & Architecture","Research Team Specification","guardrails, lamion ai, culinary domain, persona, safety boundary, refusal policy, research team",1536,"[0.0012, -0.0142, 0.0211, 0.0894, 0.1201]","FoodFix Research Team Technical Specification v2.4","Lamion AI is governed by strict domain guardrails: 1) CULINARY ONLY: The model is constitutionally bounded to assist exclusively with food, recipes, cooking techniques, culinary chemistry, nutritional profiling, and Filipino dining culture. Any query regarding non-food subjects (politics, mathematics, computer coding, finance, general trivia) triggers an immediate courteous refusal and redirection; 2) CULTURAL INTEGRITY: Rejects artificial corporate personas or external model names, identifying solely as ""Lamion AI"" custom-trained by the FoodFix research team; 3) ZERO TOLERANCE for harmful substance or non-edible preparation advice."
"rag_sng_019","CHUNK-FIL-SNG-019","Katmon and Libas Forest Souring Agents","Wild Botanical Souring in Southern Luzon and Bicol Highlands","Soup & Stew Heritage","Southern Luzon & Bicol","katmon, libas, wild souring, sinigang, bicol, indigenous pampaasim",1536,"[-0.0412, 0.0631, 0.0124, 0.0881, -0.0192]","Ethnobotany of Philippine Souring Plants, Vol. 2","Katmon (Dillenia philippinensis) is an endemic forest tree bearing fleshy, apple-like sepals with a tart, crisp, and slightly resinous acidity used historically in Tagalog mountainous sinigang. Libas (Spondias pinnata) tender leaves and young fruits provide a mild, herbal sourness prized in Sorsogon and Albay for fish stews and vegetable braises. Both forest fruits contain high concentrations of ascorbic and malic acids that tenderize wild game and fish without cloudy broth discoloration."
"rag_sng_020","CHUNK-FIL-SNG-020","Alibangbang Foliage Souring","Bauhinia Malabarica Leaf Acidity in Ilocano and Aeta Culinary Traditions","Soup & Stew Heritage","Northern Luzon (Ilocos & Zambales Range)","alibangbang, ilocano, aeta, leaf souring, foliage acidity, sinigang",1536,"[-0.0189, 0.0421, 0.0712, 0.0541, -0.0384]","Northern Luzon Indigenous Food Systems, 2024","Alibangbang (Bauhinia malabarica) is a butterfly-shaped leaf harvested from native deciduous trees across Central and Northern Luzon. Unlike fruit pulp souring agents, bruised alibangbang shoots deliver a light, citrus-herbal acidity coupled with a vibrant green broth tint. In traditional Ilokano and Aeta cookery, it is simmered with river shrimp, fresh mudfish, or beef tripe, eliminating gamy flavors while imparting essential dietary vitamin A and bioflavonoids."
"rag_adb_021","CHUNK-FIL-ADB-021","Adobong Pusit (Squid Adobo)","Cephalopod Ink Sac Emulsification, Melanin Pigment, and Acetic Acid Simmering","Seafood Heritage","Coastal Archipelago","adobong pusit, squid ink, melanin, vinegar braise, seafood adobo",1536,"[0.0312, 0.0184, -0.0451, 0.0912, 0.0611]","Coastal Philippine Seafood Gastronomy, Chapter 4","Adobong Pusit relies on the natural black ink (melanin and amino acids) stored in the cephalopod ink sac. The culinary challenge lies in cooking duration: squid must be simmered briefly (less than 3 minutes) or braised for over 35 minutes to bypass rubbery protein cross-linking. Garlic, onions, tomatoes, and cane vinegar form the aromatic base. The vinegar prevents the ink from turning bitter and preserves the deep umami notes of glutamic acid naturally present in fresh squid."
"rag_adb_022","CHUNK-FIL-ADB-022","Adobong Matanda and Adobo sa Asin","Pre-Hispanic Salt-Cured Pork Braising and Clarified Lard Preservation","Heritage Pork Stews","Bulacan and Southern Tagalog","adobong matanda, adobo sa asin, pork confit, lard preservation, pre-hispanic adobo",1536,"[0.0241, -0.0512, 0.0819, 0.0384, -0.0191]","Bulacan Heritage Recipes and Historic Techniques, 2023","Adobong Matanda (""Elder Adobo"") and Adobo sa Asin represent the oldest surviving variant of Filipino meat braising. Pork chunks are cooked exclusively in palm vinegar, sea salt, crushed garlic, and water with no soy sauce, sugar, or laurel leaves. As water evaporates, the pork is allowed to confit in its own rendered lard until the exterior turns golden and crisp. The pork is stored covered in its solidified lard, remaining shelf-stable for weeks in tropical heat."
"rag_dng_023","CHUNK-FIL-DNG-023","Heritage Dinuguan and Kapampangan Tid-tad","Porcine Blood Coagulation Mechanics, Acetic Acid Stabilization, and Green Chilies","Offal & Heritage Stews","Central Luzon (Pampanga & Tagalog Lowlands)","dinuguan, tid-tad, pork blood, blood stew, pampanga, coagulation, siling haba",1536,"[-0.0581, 0.0312, 0.0914, -0.0211, 0.0841]","Central Luzon Heritage Offal Cuisine, Doc #19","Dinuguan is a savory blood stew. Fresh pork blood must be immediately whisked with cane vinegar to prevent premature clotting and fibrin polymerization. Pork belly, entrails, and ears are sautéed with garlic, onions, and oregano before the acidified blood is incorporated. In Kapampangan ""Tid-tad"", the blood is cooked in two forms: both as a velvety gravy and as poached curd blocks resembling tofu. Long whole green finger chilies (siling haba) are bruised and simmered on top to release fragrance and mild capsicum heat without bursting."
"rag_bgt_024","CHUNK-FIL-BGT-024","Ilocano Bagnet (Chicharon Camiling)","Two-Stage Deep Frying and Epidermal Micro-Blistering of Pork Belly Rind","Fried Specialties & Pulutan","Ilocos Region (Ilocos Sur & Norte)","bagnet, ilocano, chicharon, pork belly, shock frying, kbl, blistered skin",1536,"[0.0712, -0.0411, 0.0284, 0.1191, -0.0314]","Ilocos Gastronomy & Artisanal Meat Preparation, 2024","Authentic Ilocano Bagnet requires a precise two-tier frying sequence to produce its crackling, glass-like rind that stays crisp for hours. Slab pork belly is boiled first with rock salt, garlic, peppercorn, and bay leaves until fully cooked and drained dry. Stage 1 Frying: Submerged in medium-heat lard (150C) for 30 minutes until partially dehydrated and golden, then cooled completely. Stage 2 Shock Frying: Plunged into smoking-hot lard (190C-200C); the sudden thermal expansion causes residual water molecules in the rind to vaporize explosively, forming millions of microscopic blisters that define its signature crunch. Paired with KBL (kamatis, bagoong isda, lasona)."
"rag_dnk_025","CHUNK-FIL-DNK-025","Ilocano Dinakdakan","Charred Pig Offal Tossed in Pig Brain Dressing and Calamansi Juice","Pulutan & Salads","Ilocos Region","dinakdakan, ilocano, pig brain, calamansi, lasona, charcoal offal, pulutan",1536,"[0.0381, 0.0714, -0.0612, 0.0142, 0.0911]","Ilokano Culinary Dictionary and Field Records, 2023","Dinakdakan is an ancient Ilokano grilled offal specialty. Pork ears, snout, and tongue are par-boiled, skewered over charcoal embers until smoky and crisped, then sliced into fine bite-sized strips. The definitive binder is boiled and mashed fresh pig brain (utak) beaten with calamansi juice, ginger, salt, pepper, and finely diced shallots (lasona) until an off-white, silky dressing coats the meat. In modern urban bistros, mayonnaise is often substituted due to brain availability, but authentic culinary heritage strictly mandates fresh pig brain."
"rag_pnk_026","CHUNK-FIL-PNK-026","Cordilleran Pinikpikan","Poultry Hematoma Infusion, Feathers Charring, and Indigenous Igorot Ritual Cooking","Cordillera Indigenous Heritage","Cordillera Administrative Region (Benguet & Mt. Province)","pinikpikan, cordillera, igorot, benguet, etag, ritual chicken, smoked aromatics",1536,"[-0.0811, 0.0194, 0.0641, -0.0319, 0.0942]","Indigenous Mountain Cookery of Northern Luzon, Vol. 1","Pinikpikan is a ceremonial dish of the indigenous Igorot tribes of the Cordillera highlands. A live native chicken is rhythmically beaten with a flat stick under the wings and neck prior to slaughter. This process forces blood into the subcutaneous flesh and skin tissues without breaking bone or lacerating the skin. The feathers are burned over pine or dried twigs, which imparts a distinct resinous smoke aroma. The bird is then boiled simply with ginger, sayote, and cured mountain smoked pork (Etag), producing an intensely flavorful, iron-rich, and therapeutic broth."
"rag_etg_027","CHUNK-FIL-ETG-027","Igorot Etag (Cured Mountain Pork)","Salt Curing, Sun Dehydration, and Pine Wood Smoking Preservation in Sagada","Preserved Meats & Curing","Mountain Province (Sagada & Besao)","etag, sagada, cured pork, smoking, saleng, mountain province, igorot",1536,"[0.0192, -0.0614, 0.0521, 0.0784, 0.0411]","Sagada Traditional Food Preservation Monographs, 2024","Etag is an indigenous cured pork developed by mountain peoples in the high-altitude, cool climate of Sagada. Pork slabs (liempo or kasim) are heavily rubbed with coarse mountain salt and cured for 1 to 2 weeks. The meat is either hung in direct sun for dehydration or smoked over slow smoldering pine wood (saleng) and wild guava branches in a smokehouse (soob). The finished etag is characterized by a dark mahogany exterior, firm cured texture, and deep smoky umami. It is rarely eaten solo; instead, small slices are dropped into boiling vegetable soups and pinikpikan as a savory seasoning agent."
"rag_lng_028","CHUNK-FIL-LNG-028","Bicolano Laing (Pinangat na Gabi)","Dried Taro Leaf Dehydration, Calcium Oxalate Neutralization, and Coconut Cream Simmering","Vegetables & Gata","Bicol Region","laing, taro leaves, calcium oxalate, bicol, gata, kakang gata, coconut oil split",1536,"[0.0412, 0.0521, 0.0714, -0.0381, -0.0612]","Bicol Gastronomic Heritage & Agricultural Studies, 2025","Laing features mature taro leaves (dahon ng gabi) simmered in coconut milk and spices. Crucially, the taro leaves must be thoroughly sun-dried prior to cooking; fresh taro leaves contain microscopic needle-like crystals of calcium oxalate that cause intense oral itching (pangangati). During cooking, the pot must NEVER be stirred while the leaves absorb the simmering gata and chilies until the leaves soften completely. The second addition of concentrated coconut cream (kakang gata) is cooked until the coconut oils separate, yielding a velvety, spicy, and savory vegetable delicacy."
"rag_png_029","CHUNK-FIL-PNG-029","Camalig Pinangat","Tiered Taro Leaf Parcel Wrapping, Dried Fish Stuffing, and Coconut Reduction","Heritage Vegetable Parcels","Albay (Camalig, Bicol)","pinangat, camalig, albay, taro packet, abaca string, smoked fish, bicol gata",1536,"[0.0319, 0.0482, 0.0611, -0.0214, -0.0742]","Camalig Culinary Heritage Guild Manual, 2024","Camalig Pinangat is the crowning architectural vegetable parcel of Albay. Minced smoked fish (tinapa), fresh pork fat, ginger, garlic, shallots, and crushed bird eye chilies are wrapped inside multiple layers of young, tender taro leaves, then tied into secure packets with dried abaca fiber strings. The parcels are arranged tightly in a clay pot and submerged in pure coconut milk seasoned with lemongrass. Simmered over low wood fire for 4-5 hours, the taro layers meld into a creamy, melt-in-the-mouth texture infused with sweet coconut oil and smoky seafood savor."
"rag_bnc_030","CHUNK-FIL-BNC-030","Visayan Chicken Binakol","Coconut Water Simmering, Young Coconut Meat Strips, and Bamboo Tube Roasting","Poultry Soups & Heritage","Western Visayas (Aklan & Iloilo)","binakol, buko water, coconut water soup, darag chicken, aklan, bamboo cooking",1536,"[-0.0142, 0.0891, 0.0214, 0.0612, 0.0189]","Aklanon Heritage Food and Culinary Traditions, 2023","Chicken Binakol is a native chicken soup hailing from Aklan. Unlike Tinola which uses plain water or rice washing, Binakol uses pure fresh young coconut water (tubig ng buko) as its broth base. Native chicken (darag) is simmered with slivers of soft young coconut meat, bruised lemongrass (tanglad), ginger, onions, and chili leaves. Traditionally, the ingredients are stuffed into a hollow green bamboo tube (kawayan) plugged with banana leaves and placed over an open wood fire, which infuses bamboo lignin aromatics into the naturally sweet, soothing broth."
"rag_lsw_031","CHUNK-FIL-LSW-031","Ilonggo Laswa","Zero-Oil Vegetable Simmering, Dried Shrimps, and High Soluble Fiber Nutrients","Vegetable Heritage & Health","Western Visayas (Iloilo)","laswa, ilonggo, zero oil, healthy soup, alugbati, kalkag, visayan vegetables",1536,"[-0.0284, 0.0712, -0.0194, 0.0482, -0.0512]","Ilonggo Farmstead Cooking and Nutrition Guide, 2024","Laswa is a clean, wholesome vegetable soup ubiquitous in Ilonggo households. It is strictly cooked without any sautéing (gisa) or added cooking oil. A light broth is made by boiling water with sun-dried small shrimps (kalkag or hipon) or grilled fresh fish and sliced tomatoes. A bounty of backyard vegetables is added in order of cooking time: kalabasa (squash), sitaw (string beans), okra, talong (eggplant), sigarilyas (winged beans), and finished with tender alugbati (Malabar spinach) or saluyot. It is minimally seasoned with rock salt, highlighting the crisp, pure sweetness of farm-fresh produce."
"rag_lnp_032","CHUNK-FIL-LNP-032","Western Visayas Linagpang","Charcoal-Grilled Catfish or Chicken Shreds in Boiling Tomato-Ginger Water","Soup & Grilling Hybrid","Iloilo and Capiz","linagpang, charcoal catfish, grilled soup, iloilo, capiz, smoky broth",1536,"[0.0512, 0.0142, 0.0481, 0.0812, 0.0384]","Panay Island Gastronomic Fieldwork, 2024","Linagpang is a unique Visayan hybrid between inihaw (grilled) and soup. Fresh freshwater catfish (hito) or native chicken is first grilled directly over glowing charcoal until charred, smoky, and thoroughly cooked. The meat is then shredded or flaked into a bowl along with grilled tomatoes, grilled shallots, and crushed ginger. Boiling water seasoned with salt or patis is poured directly over the charred mixture, instantly drawing out smoky pyrazines and caramel notes into a clear, deeply refreshing broth."
"rag_pch_033","CHUNK-FIL-PCH-033","Pochero Cebuano","Beef Shank Broth with Sweet Plantains (Saba), Garbanzos, and Sweet Corn Cob","Festive Beef Stews","Central Visayas (Cebu City)","pochero cebuano, beef shank, saba banana, garbanzos, clear broth, cebu",1536,"[-0.0312, 0.0941, 0.0384, -0.0124, 0.0612]","Cebuano Heritage Kitchen Monographs, Vol. 5","Pochero Cebuano differs from Tagalog Pochero by omitting sweet tomato sauce. Beef marrow shanks and chuck are boiled for hours with whole peppercorns and onions until gelatinous. Ripe cardaba bananas (saba) are simmered in the broth, contributing natural fructose that caramelizes slightly with the beef fat. Cooked chickpeas (garbanzos), fresh sweet yellow corn on the cob, and pechay cabbage complete the dish. The broth is clear, amber, and savory-sweet, often paired with a dipping sauce of mashed cooked eggplant with vinegar and garlic."
"rag_rnd_034","CHUNK-FIL-RND-034","Maranao Beef Rendang","Kerisik Toasted Coconut Paste, Halal Spice Blends, and Caramelized Reduction","Mindanao Heritage","Bangsamoro (Lanao del Sur / Marawi)","maranao, rendang, kerisik, toasted coconut, halal, lanao, mindanao spices",1536,"[0.0814, 0.0211, -0.0384, -0.0712, 0.0841]","Maranao Gastronomic Encyclopedia, 2023","Maranao Rendang is an indigenous halal beef delicacy with deep Austronesian and Malay spice trade connections. Beef brisket is simmered slowly in thick coconut milk seasoned with a vibrant spice blend: turmeric, galangal, lemongrass, shallots, garlic, ginger, and hot chili peppers. The secret to its dark color and nutty finish is ""kerisik""—fresh grated coconut slowly roasted dry in a pan until golden-brown, then pounded into an oily, fragrant paste and folded into the braise. Simmered until the coconut milk renders completely into oil and the beef is caramelized."
"rag_klm_035","CHUNK-FIL-KLM-035","Tausug Beef Kulma","Curry Braise Enriched with Ground Roasted Peanuts and Coconut Cream","Mindanao Heritage","Sulu Archipelago (Tausug)","kulma, tausug, peanut curry, coconut cream, sulu, halal feast",1536,"[0.0612, -0.0194, 0.0482, 0.0912, 0.0384]","Sulu Archipelago Culinary Compendium, 2024","Beef Kulma is an aristocratic Tausug braise served at weddings and religious gatherings. It combines influences of Indian korma and Southeast Asian curry. Beef tenderloin or ribs are marinated in pounded lemongrass, ginger, turmeric, chili powder, and curry powder. The meat is sautéed and braised in coconut cream and fresh evaporated milk, thickened with finely ground roasted peanuts or peanut butter. Lemongrass and calamansi juice cut through the thick, nutty gravy, creating an opulent, creamy stew."
"rag_snn_036","CHUNK-FIL-SNN-036","Maguindanao Sinina","Ceremonial Beef or Goat Stew with Roasted Coconut (Kalalawag) and Palapa","Mindanao Heritage","Maguindanao (Cotabato Valley)","sinina, maguindanao, kanduli, goat stew, roasted coconut, sakurab, halal",1536,"[0.0481, 0.0384, -0.0512, -0.0612, 0.0712]","Cotabato Basin Cultural Food Ways, 2023","Sinina is a traditional Maguindanao stew prepared during Kanduli (thanksgiving feasts) and Eid celebrations. Goat meat (kambing) or beef is stewed with coconut milk, native ginger (kalawag), garlic, shallots, and bird eye chilies. Toasted grated coconut is pounded and stirred into the sauce along with local spring onions (sakurab). The stew has a thick, grainy sauce with a rich golden color and a fragrant, earthy warmth that reflects the indigenous soil of the Cotabato valley."
"rag_plp_037","CHUNK-FIL-PLP-037","Maranao Palapa","Sakurab (Heirloom Scallions), Siling Labuyo, and Ginger Umami Condiment","Condiments & Aromatics","Lanao del Sur (Maranao)","palapa, sakurab, maranao, lake lanao, native shallot, condiment base",1536,"[0.0211, -0.0482, 0.0714, 0.0541, 0.0912]","Lake Lanao Agro-Ecological Culinary Study, 2024","Palapa is the foundational flavor catalyst of Maranao gastronomy. It is made from ""sakurab"" (an heirloom native shallot/wild leek grown around Lake Lanao), fresh ginger, salt, and crushed siling labuyo. In ""Palapa Sakurab"", the ingredients are pounded finely in a stone mortar and either served fresh or slow-cooked in coconut oil until lightly browned and caramelized. Palapa serves both as an aromatic stir-fry base for stews and as an indispensable table side condiment served with hot rice."
"rag_lng_038","CHUNK-FIL-LNG-038","Maguindanao Linangkit","Braised Spiced Flaked Meat Layered with Steamed Rice in Banana Leaf","Mindanao Heritage","Maguindanao","linangkit, maguindanao, shredded meat, banana leaf, upland rice, travel food",1536,"[0.0512, 0.0194, -0.0381, -0.0812, 0.0412]","Bangsamoro Gastronomic Traditions, Vol. 3","Linangkit is a close relative of Pastil, featuring finely shredded braised chicken or beef seasoned with garlic, onions, soy sauce, and black pepper. In Linangkit, the seasoned shredded meat is thoroughly mixed or layered between mounds of steamed upland rice, creating an integrated rice-and-meat meal wrapped in scorched banana leaves. Its moisture balance is carefully calibrated to prevent microbial spoilage while maintaining grain softness during long travel."
"rag_bll_039","CHUNK-FIL-BLL-039","Batangas Bulalo","Long Simmering of Marrow Bones, Collagen Hydrolysis, and Pechay Greens","Soup & Stew Heritage","Batangas Lowlands","bulalo, batangas, bone marrow, collagen hydrolysis, clear broth, pechay",1536,"[-0.0142, 0.0984, 0.0312, -0.0541, 0.0411]","Batangas Cattle Heritage and Soup Traditions, 2024","Batangas Bulalo is celebrated for the pure, unadulterated flavor of beef bone marrow and collagen. Cattle-grazing traditions in Batangas provide fresh bone cuts. The broth requires 4-6 hours of gentle simmering; boiling too violently causes suspended fat particles to turn the broth opaque and greasy. Adding whole onions, sweet corn, black peppercorn, and fish sauce at the final hour yields a golden broth rich in gelatinized collagen. It is finished with crisp native pechay and green cabbage."
"rag_kld_040","CHUNK-FIL-KLD-040","Heritage Kaldereta","Tomato Braise Enriched with Minced Liver Spread, Bell Peppers, and Green Olives","Festive Meat Stews","Luzon (Batangas, Bulacan, Rizal)","kaldereta, liver spread, goat stew, tomato braise, olives, cheddar cheese",1536,"[0.0384, -0.0412, 0.0812, 0.0482, -0.0214]","Heritage Stews of Central Luzon, 2024","Kaldereta (from Spanish ""caldera"" or cauldron) was traditionally made with goat meat (kambing) and later beef. Its distinctive velvety texture is achieved through two elements: slow tomato reduction and the addition of canned liver spread or fresh puréed pig/chicken liver. The liver acts as a powerful emulsifier, binding the tomato acidity and rendered meat fats into a rich sauce. Red bell peppers, fried potatoes, carrots, green olives, and grated cheddar cheese are incorporated towards the end of cooking."
"rag_mrc_041","CHUNK-FIL-MRC-041","Kapampangan Morcon","Rolled Beef Flank Roulade Stuffed with Chorizo, Boiled Eggs, and Pickles","Festive Meat Stews","Pampanga","morcon, beef roulade, chorizo de bilbao, pampanga, noche buena, festive stew",1536,"[0.0412, -0.0284, 0.0612, 0.0714, 0.0142]","Pampanga Festive Cooking Manual, 2024","Morcon is a festive Filipino rolled beef roulade reserved for Noche Buena and town fiestas. A thin sheet of beef flank steak (tapang baka) is marinated in calamansi and soy sauce, then stuffed with sliced Chorizo de Bilbao, hard-boiled eggs, sweet pickle spears, carrots, and cheddar cheese. The roll is tied tightly with cooking twine, browned in lard, and slowly braised in tomato sauce and broth until tender. Once chilled, it is sliced into pinwheels showing alternating mosaic colors."
"rag_emb_042","CHUNK-FIL-EMB-042","Philippine Embutido","Steamed Ground Pork Meatloaf with Raisins, Carrots, and Sausages in Foil","Festive Steamed Meats","Central Luzon & Urban Manila","embutido, pork meatloaf, steamed meatloaf, raisins, vienna sausage, fiesta food",1536,"[0.0214, 0.0381, -0.0412, 0.0812, 0.0514]","Urban Philippine Home Cooking Traditions, 2024","Unlike Spanish embutido (cured sausage casing), Filipino Embutido is a steamed meatloaf rolled in aluminum foil. It consists of ground pork, minced carrots, sweet pickle relish, raisins, breadcrumbs, eggs, and grated cheese, stuffed with whole Vienna sausages and hard-boiled eggs along the central axis. The rolls are steamed for 45 minutes, cooled, and sliced into rounds. It can be eaten cold as cold cuts or fried in oil to create a crisp exterior with a soft interior."
"rag_brg_043","CHUNK-FIL-BRG-043","Burong Isda and Balao-Balao","Lactic Acid Fermentation of Rice with Mudfish and Shrimps in Pampanga","Fermented Specialties","Central Luzon (Pampanga & Bulacan)","burong isda, balao-balao, rice fermentation, lactic acid, pampanga, mustasa",1536,"[-0.0482, 0.0612, 0.0814, 0.0194, -0.0712]","Microbiology of Traditional Philippine Fermented Foods, 2025","Buro (such as Burong Dalag or Burong Hipon/Balao-Balao) is a probiotic fermentation technique. Cooked cooled rice is salted and mixed with cleaned freshwater fish or tiny shrimps, packed into jars, and fermented for 5 to 7 days. Lactic acid bacteria convert the starches in the rice into lactic acid, creating an acidic, tangy porridge that preserves the seafood. Before serving, the buro is sautéed in oil with garlic, onions, and lots of tomatoes, and eaten as a dipping condiment for boiled mustard leaves (mustasa) and fried catfish."
"rag_bg1_044","CHUNK-FIL-BG1-044","Bagoong Alamang Fermentation","Acetes Shrimp Proteolysis, Salt Preservation Ratios, and Umami Chemistry","Condiments & Fermentation","Coastal Provinces (Cavite, Lingayen, Cebu)","bagoong alamang, acetes krill, proteolysis, fermentation, amino acids, guisado",1536,"[0.0142, -0.0384, 0.0912, 0.0614, 0.0412]","Philippine Marine Fermentation Science, Vol. 4","Bagoong Alamang is produced from tiny marine krill shrimps (Acetes erythraeus). Freshly caught krill is blended with sea salt at a ratio of 1 part salt to 3-4 parts shrimp. Over 1 to 3 months of maturation in earthen jars (tapayan), endogenous enzymes in the shrimp digestive tract break down proteins into free amino acids (predominantly glutamic acid), creating a deep pink, highly savory paste. Sautéed with garlic, pork fat, and brown sugar (Bagoong Guisado), it serves as the essential companion to Kare-Kare and green mangoes."
"rag_bg2_045","CHUNK-FIL-BG2-045","Bagoong Monamon and Bagoong Terong","Anchovy Liquid Fermentation in Pangasinan and Ilocos Coastal Communities","Condiments & Fermentation","Pangasinan (Lingayen) & Ilocos","bagoong monamon, anchovy, lingayen, pangasinan, ilocos, pinakbet base",1536,"[-0.0214, 0.0541, 0.0712, 0.0384, -0.0412]","Pangasinan Artisanal Fish Sauce and Fermentation, 2024","In Northern Luzon, fish bagoong reigns supreme. Bagoong Monamon uses small anchovies (Stolephorus commersonii) cured with sea salt in clay jars for 6 months to a year. Unlike paste bagoong, it matures into a liquid suspension with partially digested fish meat. The liquid is strained into clear fish sauce (patis), while the remaining sediment is used directly to season authentic Ilokano Pinakbet and Dinengdeng. The high calcium and dissolved fish bone minerals provide essential dietary micronutrients in the northern diet."
"rag_pts_046","CHUNK-FIL-PTS-046","Philippine Patis (Fish Sauce)","Autolytic Protein Hydrolysis and Pure Glutamate Extraction from Anchovies","Condiments & Seasonings","Pangasinan, Navotas, Bataan","patis, fish sauce, glutamate, hydrolysis, navotas, pure patis, nilaga seasoning",1536,"[0.0194, -0.0142, 0.0812, 0.0514, 0.0712]","Navotas Fish Sauce Standards & Food Chemistry, 2024","Authentic Philippine Patis is the amber liquid that floats to the top during the extended autolytic fermentation of salted anchovies. Traditional patis takes 9 to 12 months to develop. The intense savoriness is attributed to free glutamic acid and aspartic acid. Unlike industrial fish sauces diluted with caramel color and monosodium glutamate, pure first-draw patis (Patis Puro) has a clean, savory aroma without harsh ammonia odors, serving as the universal salt seasoning for Filipino broths like Nilaga, Tinola, and Sinigang."
"rag_vng_047","CHUNK-FIL-VNG-047","Sukang Paombong (Nipa Palm Vinegar)","Nipa Sap Harvesting, Natural Yeasts, and Acetic Acid Fermentation in Bulacan","Vinegars & Souring","Bulacan (Paombong)","sukang paombong, nipa vinegar, paombong, bulacan, acetobacter, palm vinegar",1536,"[-0.0384, 0.0482, -0.0124, 0.0912, 0.0314]","Bulacan Agro-Forestry and Fermented Products, 2023","Sukang Paombong is produced from the natural sweet sap of the nipa palm (Nypa fruticans) growing in coastal estuaries of Bulacan. Tapped sap (sasá) is collected in bamboo containers and transferred to earthen jars (tapayan). In the first stage, wild ambient yeasts ferment the sugars into alcohol; in the second stage, Acetobacter bacteria oxidize the alcohol into acetic acid (4-5% acidity) over 2 to 3 weeks. It has a cloudy white appearance, smooth mellow sourness, and subtle palm fragrance, making it the premier pickling and adobo vinegar of Central Luzon."
"rag_vni_048","CHUNK-FIL-VNI-048","Sukang Iloko (Sugarcane Vinegar)","Fermented Sugarcane Juice with Samak Bark, Dried Berries, and Dark Acetic Hue","Vinegars & Souring","Ilocos Region","sukang iloko, sugarcane vinegar, samak bark, burnay jar, empanada sawsawan",1536,"[0.0412, -0.0314, 0.0612, 0.0784, -0.0142]","Ilocano Burnay and Vinegar Fermentation Traditions, 2024","Sukang Iloko is brewed by pressing fresh sugarcane stalks into juice (unas). The juice is fermented in clay jars (burnay) with bark, leaves, and dried berries of the native samak tree (Macaranga tanarius). Tannins from the samak bark act as natural clarifying agents and impart a dark amber-brown color with an earthy, complex, and intensely sharp acid bite. Aged for several months to a year, it is the indispensable base for Ilocano Empanada sawsawan and Bagnet dipping."
"rag_snm_049","CHUNK-FIL-SNM-049","Visayan Sinamak (Spiced Vinegar)","Infusion of Langkawas (Galangal), Bird Eye Chilies, Garlic, and Peppercorns","Vinegars & Sawsawan","Western Visayas (Iloilo & Bacolod)","sinamak, langkawas, galangal, spiced vinegar, bacolod inasal sauce, visayas",1536,"[0.0612, 0.0142, 0.0412, 0.0894, 0.0521]","Western Visayas Kitchen Pantry Studies, 2024","Sinamak is the quintessential spiced table vinegar of Western Visayas. Clear sugarcane or palm vinegar is bottled with copious amounts of crushed whole garlic cloves, sliced langkawas (wild galangal), ginger, black peppercorns, shallots, and fiery red siling labuyo. Steeped for a minimum of 3 to 5 days, the essential oils and gingerols dissolve into the acetic acid, producing a fragrant, spicy, and digestive condiment used on Chicken Inasal, grilled pork, and fried dried fish."
"rag_pnk_050","CHUNK-FIL-PNK-050","Pinakurat Spiced Tuba Vinegar","Wild Coconut Sap Fermentation Infused with Fiery Spices in Northern Mindanao","Vinegars & Sawsawan","Northern Mindanao (Iligan City)","pinakurat, tuba vinegar, iligan city, coconut sap, spicy vinegar, chicharon dip",1536,"[0.0541, 0.0211, 0.0712, 0.0614, 0.0482]","Mindanao Artisanal Food and Vinegar Culture, 2024","Originating in Iligan City, Pinakurat (from the Cebuano word ""kurat"" meaning shocked or startled by flavor) is crafted from fermented wild coconut floral sap (tuba). The naturally sharp, effervescent coconut vinegar is steeped with red chilies, crushed garlic, wild ginger, and proprietary forest herbs. It has an assertive, smoky, and spicy kick that immediately cuts through fatty fried dishes like lechon kawali, chicharon bulaklak, and crispy pata."
"rag_hlh_051","CHUNK-FIL-HLH-051","Heritage & Modern Halo-Halo","Layered Shaved Ice Osmosis, Evaporated Milk, and Indigenous Preserves","Desserts & Sweets","Nationwide Culinary Staple","halo-halo, shaved ice, ube halaya, macapuno, nata de coco, leche flan, dessert",1536,"[0.0142, 0.0482, -0.0612, 0.0912, 0.0714]","Filipino Sweet Treats and Merienda Heritage, 2025","Halo-Halo (""mix-mix"") evolved from Japanese Kakigori introduced before World War II. It features layers of sweetened preserved ingredients: sweetened white beans, saba bananas in syrup, jackfruit (langka), macapuno (coconut sport), nata de coco (coconut water cellulose gel), sweet purple yam (ube halaya), and leche flan, topped with finely shaved ice and evaporated milk. The thermodynamic enjoyment relies on vigorously mixing the glass to dissolve the dense caramelized syrups into cold, creamy evaporated milk slush."
"rag_spn_052","CHUNK-FIL-SPN-052","Sapin-Sapin Layered Rice Cake","Multi-Color Glutinous Flour Steaming and Toasted Coconut Curd (Latik)","Desserts & Kakanin","Luzon (Bulacan)","sapin-sapin, layered rice cake, galapong, latik, ube, kakanin",1536,"[0.0189, 0.0512, -0.0714, 0.0812, 0.0384]","Bulacan Traditional Kakanin Masters, 2024","Sapin-Sapin (""sheets"" or ""layers"") is an elaborate multi-tiered rice cake. Soaked glutinous rice flour (galapong) is blended with coconut milk and sugar, then divided into colored batters: purple (flavored with ube), yellow (flavored with ripe jackfruit or corn), and white (pure coconut). Each tier is steamed sequentially in a wide tray until cooked before the next layer is poured on top. Once cooled, it is sliced and smothered with golden toasted coconut curds (latik) and toasted coconut shreds."
"rag_kts_053","CHUNK-FIL-KTS-053","Kutsinta (Brown Rice Cakes)","Lye Water (Lihia) Alkaline Starch Gelatinization and Annatto Coloration","Desserts & Kakanin","Central Luzon & Manila","kutsinta, lye water, lihia, annatto, tapioca starch, grated coconut, kakanin",1536,"[0.0241, 0.0612, -0.0541, 0.0712, 0.0482]","Philippine Traditional Rice Chemistry, 2024","Kutsinta is a chewy steamed jelly-like rice cake. Its distinctive bouncy texture is achieved through food-grade lye water (lihia), which elevates pH to weaken hydrogen bonds in the rice and tapioca starches, causing rapid gelatinization during steaming. Brown sugar and annatto extract (atsuete water) provide its amber hue and subtle caramel flavor. Served topped with freshly grated mature coconut meat (niyog), whose fats balance the sweet alkaline chew."
"rag_lcf_054","CHUNK-FIL-LCF-054","Authentic Filipino Leche Flan","Pure Egg Yolk Density, Sweetened Condensed Milk, and Hard Caramel Dissolution","Desserts & Sweets","Nationwide Festive Heritage","leche flan, egg yolks, llanera, caramel syrup, condensed milk, bain-marie",1536,"[0.0312, -0.0142, 0.0482, 0.0912, 0.0814]","Fiesta Cooking and Heritage Desserts of the Philippines, 2024","Filipino Leche Flan differs fundamentally from French creme caramel by using an extraordinarily dense, custard base made almost exclusively of egg yolks (10 to 12 yolks per batch) and sweetened condensed milk rather than whole eggs and light milk. Melted sugar is caramelized directly inside an oval tin (llanera) to a deep amber. The strained custard is poured over the hardened caramel and gently steamed in a water bath (bain-marie) until set. The residual steam dissolves the hard caramel into a dark, bittersweet golden syrup."
"rag_tec_055","CHUNK-FIL-TEC-055","Culinary Technique - Gisado (Gisa)","The Trinity Sautéing Sequence of Garlic, Onions, and Ripe Tomatoes","Culinary Science & Techniques","Universal Foundation of Filipino Cookery","gisado, gisa, garlic onion tomato, saute sequence, aromatic foundation",1536,"[0.0142, 0.0384, 0.0712, 0.0412, -0.0194]","Foundations of Filipino Home Cooking Science, 2024","Gisado (or gisa) is the universal aromatic foundation of Filipino home cooking. The precise order of addition dictates the flavor profile: 1) Garlic is introduced first into medium-hot oil until fragrant and pale blond; 2) Onions are added to halt the garlic from scorching and sweated until translucent; 3) Ripe tomatoes are added last and pressed firmly with a wooden spoon until their pectin breaks down into a jammy pulp. This trinity creates a caramelized glutamate-rich foundation that bridges savory meats and sour broths."
"rag_tec_056","CHUNK-FIL-TEC-056","Culinary Technique - Sangkutsa","Pre-Cook Par-Braising of Meats in Aromatics to Seal Moisture and Remove Gamy Odors","Culinary Science & Techniques","Universal Heritage Technique","sangkutsa, pre-cook braising, lansa removal, meat searing, moisture lock",1536,"[0.0211, 0.0142, 0.0612, 0.0784, 0.0384]","Culinary Grammar of Philippine Traditional Kitchens, 2024","Sangkutsa is an essential pre-cooking technique where raw meats (especially pork, beef shank, or native poultry) are tossed in a dry or lightly oiled pan with aromatics (ginger, garlic, and onions) over high heat until their exterior proteins coagulate and surface water evaporates. This process locks in juices, coagulates surface blood, and expels gamy animal odor (lansa) before water, vinegar, or coconut milk is poured into the pot for the final slow braising or stewing."
"rag_tec_057","CHUNK-FIL-TEC-057","Culinary Technique - Halabos","Rapid Sea-Salt and Natural Exudate Steaming for Prawns and Crabs","Culinary Science & Techniques","Coastal Archipelago","halabos, prawns, crabs, seafood steaming, sugpo, coarse salt",1536,"[0.0184, 0.0712, -0.0314, 0.0814, 0.0412]","Philippine Seafood Preparation Standards, 2024","Halabos is an ancient seafood steaming technique that maximizes natural sweetness. Live prawns (sugpo) or mud crabs (alimango) are placed into a covered wok with minimal liquid (only 2-3 tablespoons of water, carbonated citrus soda, or beer) and a handful of coarse rock salt. Cooked over intense heat for 4-6 minutes, the shellfish steam in their own expelled natural juices. The crustacean astaxanthin pigments turn brilliant scarlet, resulting in tender, succulent meat with zero flavor loss."
"rag_tec_058","CHUNK-FIL-TEC-058","Culinary Technique - Pesa","Ginger-Poached Freshwater Fish with Miso-Tomato Dip and Chinese Cabbage","Soup & Poaching Heritage","Central Luzon & Manila Bay","pesa, ginger poaching, miso sauce, dalag, freshwater fish, pechay",1536,"[-0.0214, 0.0812, 0.0142, 0.0612, -0.0384]","Historical Fusion in Tagalog Home Cookery, 2024","Pesa is a soothing ginger-poaching method developed for delicate freshwater fish (such as mudfish/dalag or tilapia). The broth is flavored purely with generous quantities of sliced young ginger, peppercorns, onions, and fish sauce. The fish is gently poached alongside sweet pechay and cabbage. Because the fish broth is subtle, Pesa is accompanied by a pungent dipping sauce of sautéed fermented yellow soybean paste (miso) cooked with crushed garlic, onions, and fresh tomatoes."
"rag_nut_059","CHUNK-FIL-NUT-059","Sodium Optimization in Philippine Broths","Synergy of Organic Acids with Sodium Receptors for Healthier Traditional Cooking","Nutrition & Health","National Health Guidelines & Research","sodium reduction, organic acids, cross-modal taste, healthy sinigang, salt perception, hypertension",1536,"[-0.0124, 0.0912, 0.0184, 0.0514, -0.0812]","FNRI Sensory and Nutritional Optimization Monograph, 2025","A major clinical challenge in Philippine diets is high sodium intake from fish sauce, bagoong, and soy sauce. Food chemistry indicates that human tongue taste receptor cells experience cross-modal enhancement when organic acids (such as citric acid in calamansi, acetic acid in cane vinegar, and malic acid in batuan or green mango) are paired with sodium chloride. By elevating the natural acidity of Sinigang and Adobo by 15-20%, perceptible saltiness is amplified, allowing home cooks and restaurants to reduce added sodium by up to 35% without reported decrease in palatability."
"rag_gdr_060","CHUNK-FIL-GDR-060","Lamion AI Guardrails & Prompt Injection Defenses","Adversarial Prompt Shielding and Domain Containment Architecture","AI Safety & Architecture","Research Team Specification","guardrails, prompt injection, safety firewall, domain classifier, jailbreak defense, culinary bounds",1536,"[0.0024, -0.0182, 0.0314, 0.0812, 0.1194]","FoodFix Research Team Technical Specification v2.5","Lamion AI implements a dual-layer safety firewall: 1) Pre-Execution Semantic Classifier: Every incoming user prompt is vector-analyzed for semantic proximity to culinary, nutritional, and cultural food knowledge. Prompts scoring below a 0.72 domain threshold (or containing code generation, SQL queries, jailbreak tokens, or political inquiries) are diverted to a deterministic refusal handler; 2) Post-Generation Filter: Model output is inspected for prohibited non-food entities or external corporate model acknowledgments before transmission to client endpoints."